Subject,Hand,MAE,ARMS,R2,mu,LOA_low,LOA_high
1,L,4.96542275227142,6.299682684698345,0.2154566927649625,3.027740897233058,-7.800046138430493,13.85552793289661
2,L,3.7633135469235186,4.441066612826392,0.4494722985722055,-2.140433615461072,-9.767230736169044,5.486363505246898
3,R,5.11712368528798,6.122994093715789,0.30612013159134577,2.5722470478659036,-8.318476998823591,13.4629710945554
4,L,6.428569568057541,7.566457735230295,-1.3971375101684562,6.299202479154929,-1.916759080278907,14.515164038588765
5,R,4.4447347871685,5.587214058374583,-0.24472458571734346,3.3477780106101385,-5.419655668653858,12.115211689874135
6,R,5.9157877674823665,6.782304481126458,0.0450114836735479,4.178225749766996,-6.293033419178798,14.64948491871279
