Subject,Hand,MAE,ARMS,R2,mu,LOA_low,LOA_high
1,L,4.7199780684069985,5.95491783594312,0.29897885161165005,1.103192522284198,-10.366410747057241,12.572795791625637
2,L,3.344463059693063,4.038712753507024,0.5447074608080791,-1.8461887898203735,-8.886597092308993,5.194219512668246
3,R,4.11556649541088,5.241292709343403,0.5167098498011745,2.6535799008690386,-6.205460300173341,11.512620101911418
4,R,4.338382283031019,5.2677699296421014,-0.6160379226837764,4.066779616709459,-2.4957685831775294,10.629327816596447
5,R,3.406272587474715,4.588373802647139,0.5168114271883757,0.8832785561937627,-7.941727419202594,9.708284531590119
6,R,4.852595679981563,5.880502594965534,0.02619390745410166,3.4296197158900843,-5.9329495482751575,12.792188980055325
